{
  "timestamp": "2026-01-07T19:06:18.893630",
  "total_models": 2,
  "algorithms": [
    "Decision Tree"
  ],
  "datasets": [
    "original",
    "smote"
  ],
  "results": [
    {
      "algorithm": "Decision Tree",
      "dataset": "original",
      "accuracy": 0.9884328637794095,
      "precision": 0.9923881019472259,
      "recall": 0.9884328637794095,
      "f1": 0.9900217624011362,
      "mean_score": 0.9898188979767953
    },
    {
      "algorithm": "Decision Tree",
      "dataset": "smote",
      "accuracy": 0.8712050256801493,
      "precision": 0.888553809762326,
      "recall": 0.8712050256801493,
      "f1": 0.8543872323268394,
      "mean_score": 0.8713377733623661
    }
  ],
  "best": {
    "accuracy": {
      "algorithm": "Decision Tree",
      "dataset": "original",
      "accuracy": 0.9884328637794095,
      "precision": 0.9923881019472259,
      "recall": 0.9884328637794095,
      "f1": 0.9900217624011362,
      "mean_score": 0.9898188979767953
    },
    "precision": {
      "algorithm": "Decision Tree",
      "dataset": "original",
      "accuracy": 0.9884328637794095,
      "precision": 0.9923881019472259,
      "recall": 0.9884328637794095,
      "f1": 0.9900217624011362,
      "mean_score": 0.9898188979767953
    },
    "recall": {
      "algorithm": "Decision Tree",
      "dataset": "original",
      "accuracy": 0.9884328637794095,
      "precision": 0.9923881019472259,
      "recall": 0.9884328637794095,
      "f1": 0.9900217624011362,
      "mean_score": 0.9898188979767953
    },
    "f1": {
      "algorithm": "Decision Tree",
      "dataset": "original",
      "accuracy": 0.9884328637794095,
      "precision": 0.9923881019472259,
      "recall": 0.9884328637794095,
      "f1": 0.9900217624011362,
      "mean_score": 0.9898188979767953
    }
  }
}