algorithm,dataset,accuracy,precision,recall,f1,mean_score
Decision Tree,original,0.9884328637794095,0.9923881019472259,0.9884328637794095,0.9900217624011362,0.9898188979767953
Decision Tree,smote,0.8712050256801493,0.888553809762326,0.8712050256801493,0.8543872323268394,0.8713377733623661
